prompt,reference,generated,self_loss,self_ppl,cond_loss,cond_ppl
"There is mild bibasilar atelectasis. No pleural effusion or pneumothorax. Stable postoperative changes are noted. No new focal airspace disease. Stable postoperative changes are noted. No new focal airspace disease. Diffuse interstitial markings are present, likely representing pulmonary edema. Endotracheal tube is appropriately positioned. No acute osseous abnormality.",Stable exam with no interval change.,No acute cardiopulmonary abnormality.,5.039434432983398,154.3826765805383,4.054793834686279,57.67327154228172
"Stable postoperative changes are noted. No new focal airspace disease. Heart size is within normal limits. Lungs are clear without focal consolidation. Stable postoperative changes are noted. No new focal airspace disease. Diffuse interstitial markings are present, likely representing pulmonary edema. Heart size is within normal limits. Lungs are clear without focal consolidation.",Bibasilar atelectasis without consolidation.,No acute cardiopulmonary abnormality.,5.039434432983398,154.3826765805383,1.7877833843231201,5.976190855527413
Stable postoperative changes are noted. No new focal airspace disease. Endotracheal tube is appropriately positioned. No acute osseous abnormality. Heart size is within normal limits. Lungs are clear without focal consolidation. Stable postoperative changes are noted. No new focal airspace disease. Heart size is within normal limits. Lungs are clear without focal consolidation.,Stable exam with no interval change.,No acute cardiopulmonary abnormality.,5.039434432983398,154.3826765805383,3.853456974029541,47.15579815387356
"Endotracheal tube is appropriately positioned. No acute osseous abnormality. Endotracheal tube is appropriately positioned. No acute osseous abnormality. Endotracheal tube is appropriately positioned. No acute osseous abnormality. There is mild bibasilar atelectasis. No pleural effusion or pneumothorax. Diffuse interstitial markings are present, likely representing pulmonary edema.",Mild pulmonary edema.,No acute cardiopulmonary abnormality.,5.039434432983398,154.3826765805383,1.0046484470367432,2.730947031526549
"Heart size is within normal limits. Lungs are clear without focal consolidation. Stable postoperative changes are noted. No new focal airspace disease. Diffuse interstitial markings are present, likely representing pulmonary edema. Heart size is within normal limits. Lungs are clear without focal consolidation. There is mild bibasilar atelectasis. No pleural effusion or pneumothorax.",No evidence of pneumonia or effusion.,No acute cardiopulmonary abnormality.,5.039434432983398,154.3826765805383,1.7921817302703857,6.002534101242447
"Diffuse interstitial markings are present, likely representing pulmonary edema. Diffuse interstitial markings are present, likely representing pulmonary edema. Endotracheal tube is appropriately positioned. No acute osseous abnormality. Diffuse interstitial markings are present, likely representing pulmonary edema. Heart size is within normal limits. Lungs are clear without focal consolidation.",Stable exam with no interval change.,No acute cardiopulmonary abnormality.,5.039434432983398,154.3826765805383,3.9987587928771973,54.53042445985803
Heart size is within normal limits. Lungs are clear without focal consolidation. Stable postoperative changes are noted. No new focal airspace disease. Stable postoperative changes are noted. No new focal airspace disease. Stable postoperative changes are noted. No new focal airspace disease. There is mild bibasilar atelectasis. No pleural effusion or pneumothorax.,No acute cardiopulmonary abnormality.,No acute cardiopulmonary abnormality.,5.039434432983398,154.3826765805383,0.35779181122779846,1.430167844596567
"Stable postoperative changes are noted. No new focal airspace disease. There is mild bibasilar atelectasis. No pleural effusion or pneumothorax. Diffuse interstitial markings are present, likely representing pulmonary edema. Diffuse interstitial markings are present, likely representing pulmonary edema. Endotracheal tube is appropriately positioned. No acute osseous abnormality.",Stable exam with no interval change.,No acute cardiopulmonary abnormality.,5.039434432983398,154.3826765805383,3.9221489429473877,50.50886891533425
Heart size is within normal limits. Lungs are clear without focal consolidation. Stable postoperative changes are noted. No new focal airspace disease. Heart size is within normal limits. Lungs are clear without focal consolidation. Stable postoperative changes are noted. No new focal airspace disease. Stable postoperative changes are noted. No new focal airspace disease.,Mild pulmonary edema.,No acute cardiopulmonary abnormality.,5.039434432983398,154.3826765805383,1.332330584526062,3.7898657053655955
Heart size is within normal limits. Lungs are clear without focal consolidation. Stable postoperative changes are noted. No new focal airspace disease. Endotracheal tube is appropriately positioned. No acute osseous abnormality. Heart size is within normal limits. Lungs are clear without focal consolidation. Endotracheal tube is appropriately positioned. No acute osseous abnormality.,Stable exam with no interval change.,No acute cardiopulmonary abnormality.,5.039434432983398,154.3826765805383,3.862748622894287,47.59599518335073
Endotracheal tube is appropriately positioned. No acute osseous abnormality. Endotracheal tube is appropriately positioned. No acute osseous abnormality. There is mild bibasilar atelectasis. No pleural effusion or pneumothorax. Endotracheal tube is appropriately positioned. No acute osseous abnormality. Heart size is within normal limits. Lungs are clear without focal consolidation.,Bibasilar atelectasis without consolidation.,No acute cardiopulmonary abnormality.,5.039434432983398,154.3826765805383,1.2501108646392822,3.4907299345254317
"There is mild bibasilar atelectasis. No pleural effusion or pneumothorax. Endotracheal tube is appropriately positioned. No acute osseous abnormality. Diffuse interstitial markings are present, likely representing pulmonary edema. There is mild bibasilar atelectasis. No pleural effusion or pneumothorax. Diffuse interstitial markings are present, likely representing pulmonary edema.",No evidence of pneumonia or effusion.,Mild bibasilar atelectasis.,6.194390296936035,489.9926039131868,1.7318344116210938,5.651010685900716
Heart size is within normal limits. Lungs are clear without focal consolidation. Endotracheal tube is appropriately positioned. No acute osseous abnormality. There is mild bibasilar atelectasis. No pleural effusion or pneumothorax. Stable postoperative changes are noted. No new focal airspace disease. There is mild bibasilar atelectasis. No pleural effusion or pneumothorax.,No evidence of pneumonia or effusion.,No acute cardiopulmonary abnormality.,5.039434432983398,154.3826765805383,1.8974378108978271,6.668785843493227
"There is mild bibasilar atelectasis. No pleural effusion or pneumothorax. Diffuse interstitial markings are present, likely representing pulmonary edema. Diffuse interstitial markings are present, likely representing pulmonary edema. There is mild bibasilar atelectasis. No pleural effusion or pneumothorax. There is mild bibasilar atelectasis. No pleural effusion or pneumothorax.",No acute cardiopulmonary abnormality.,No acute cardiopulmonary abnormality.,5.039434432983398,154.3826765805383,0.3899047076702118,1.4768400556474848
"There is mild bibasilar atelectasis. No pleural effusion or pneumothorax. Heart size is within normal limits. Lungs are clear without focal consolidation. Diffuse interstitial markings are present, likely representing pulmonary edema. Heart size is within normal limits. Lungs are clear without focal consolidation. There is mild bibasilar atelectasis. No pleural effusion or pneumothorax.",No acute cardiopulmonary abnormality.,No acute cardiopulmonary abnormality.,5.039434432983398,154.3826765805383,0.3825923204421997,1.4660802172839704
"There is mild bibasilar atelectasis. No pleural effusion or pneumothorax. There is mild bibasilar atelectasis. No pleural effusion or pneumothorax. Diffuse interstitial markings are present, likely representing pulmonary edema. Heart size is within normal limits. Lungs are clear without focal consolidation. There is mild bibasilar atelectasis. No pleural effusion or pneumothorax.",No evidence of pneumonia or effusion.,No acute cardiopulmonary abnormality.,5.039434432983398,154.3826765805383,1.7718679904937744,5.881830308876889
"Stable postoperative changes are noted. No new focal airspace disease. There is mild bibasilar atelectasis. No pleural effusion or pneumothorax. Diffuse interstitial markings are present, likely representing pulmonary edema. Diffuse interstitial markings are present, likely representing pulmonary edema. There is mild bibasilar atelectasis. No pleural effusion or pneumothorax.",Stable exam with no interval change.,No acute cardiopulmonary abnormality.,5.039434432983398,154.3826765805383,3.9857091903686523,53.823447016042635
"There is mild bibasilar atelectasis. No pleural effusion or pneumothorax. Diffuse interstitial markings are present, likely representing pulmonary edema. Endotracheal tube is appropriately positioned. No acute osseous abnormality. There is mild bibasilar atelectasis. No pleural effusion or pneumothorax. Endotracheal tube is appropriately positioned. No acute osseous abnormality.",No acute cardiopulmonary abnormality.,No acute cardiopulmonary abnormality.,5.039434432983398,154.3826765805383,0.48412206768989563,1.6227497188723068
"Stable postoperative changes are noted. No new focal airspace disease. There is mild bibasilar atelectasis. No pleural effusion or pneumothorax. There is mild bibasilar atelectasis. No pleural effusion or pneumothorax. Endotracheal tube is appropriately positioned. No acute osseous abnormality. Diffuse interstitial markings are present, likely representing pulmonary edema.",No acute cardiopulmonary abnormality.,No acute respiratory distress or complications.,5.909256935119629,368.43228457859504,0.5528113842010498,1.7381327141547291
"Endotracheal tube is appropriately positioned. No acute osseous abnormality. Heart size is within normal limits. Lungs are clear without focal consolidation. Endotracheal tube is appropriately positioned. No acute osseous abnormality. Stable postoperative changes are noted. No new focal airspace disease. Diffuse interstitial markings are present, likely representing pulmonary edema.",No evidence of pneumonia or effusion.,No acute cardiopulmonary abnormality.,5.039434432983398,154.3826765805383,1.8834507465362549,6.576158409740846
"There is mild bibasilar atelectasis. No pleural effusion or pneumothorax. Diffuse interstitial markings are present, likely representing pulmonary edema. Diffuse interstitial markings are present, likely representing pulmonary edema. Heart size is within normal limits. Lungs are clear without focal consolidation. Diffuse interstitial markings are present, likely representing pulmonary edema.",No evidence of pneumonia or effusion.,"Mild bibasilar atelectasis, diffuse interstitial markings, and pulmonary edema.",4.101679801940918,60.44173250940943,1.5987881422042847,4.947033688980464
"Diffuse interstitial markings are present, likely representing pulmonary edema. Diffuse interstitial markings are present, likely representing pulmonary edema. Diffuse interstitial markings are present, likely representing pulmonary edema. Endotracheal tube is appropriately positioned. No acute osseous abnormality. Stable postoperative changes are noted. No new focal airspace disease.",No acute cardiopulmonary abnormality.,No acute cardiopulmonary abnormality.,5.039434432983398,154.3826765805383,0.41829782724380493,1.519373117731886
"Endotracheal tube is appropriately positioned. No acute osseous abnormality. Stable postoperative changes are noted. No new focal airspace disease. There is mild bibasilar atelectasis. No pleural effusion or pneumothorax. Diffuse interstitial markings are present, likely representing pulmonary edema. Endotracheal tube is appropriately positioned. No acute osseous abnormality.",No evidence of pneumonia or effusion.,No acute respiratory distress or complications.,5.909256935119629,368.43228457859504,1.8802382946014404,6.555066713103252
"Endotracheal tube is appropriately positioned. No acute osseous abnormality. Heart size is within normal limits. Lungs are clear without focal consolidation. Diffuse interstitial markings are present, likely representing pulmonary edema. Stable postoperative changes are noted. No new focal airspace disease. Heart size is within normal limits. Lungs are clear without focal consolidation.",No acute cardiopulmonary abnormality.,No acute cardiopulmonary abnormality.,5.039434432983398,154.3826765805383,0.40248632431030273,1.4955384725650103
Stable postoperative changes are noted. No new focal airspace disease. Endotracheal tube is appropriately positioned. No acute osseous abnormality. Stable postoperative changes are noted. No new focal airspace disease. There is mild bibasilar atelectasis. No pleural effusion or pneumothorax. Endotracheal tube is appropriately positioned. No acute osseous abnormality.,No evidence of pneumonia or effusion.,No acute respiratory distress or complications.,5.909256935119629,368.43228457859504,1.831573486328125,6.243703315115065
Heart size is within normal limits. Lungs are clear without focal consolidation. Heart size is within normal limits. Lungs are clear without focal consolidation. There is mild bibasilar atelectasis. No pleural effusion or pneumothorax. There is mild bibasilar atelectasis. No pleural effusion or pneumothorax. There is mild bibasilar atelectasis. No pleural effusion or pneumothorax.,Stable exam with no interval change.,No acute cardiopulmonary abnormality.,5.039434432983398,154.3826765805383,3.8028371334075928,44.828187794649395
"Endotracheal tube is appropriately positioned. No acute osseous abnormality. Diffuse interstitial markings are present, likely representing pulmonary edema. Stable postoperative changes are noted. No new focal airspace disease. Heart size is within normal limits. Lungs are clear without focal consolidation. Diffuse interstitial markings are present, likely representing pulmonary edema.",Mild pulmonary edema.,No acute cardiopulmonary abnormality.,5.039434432983398,154.3826765805383,0.9323180317878723,2.540391065025471
Heart size is within normal limits. Lungs are clear without focal consolidation. Heart size is within normal limits. Lungs are clear without focal consolidation. Endotracheal tube is appropriately positioned. No acute osseous abnormality. Endotracheal tube is appropriately positioned. No acute osseous abnormality. Stable postoperative changes are noted. No new focal airspace disease.,No acute cardiopulmonary abnormality.,No acute cardiopulmonary abnormality.,5.039434432983398,154.3826765805383,0.4865228235721588,1.6266502250134391
"Diffuse interstitial markings are present, likely representing pulmonary edema. There is mild bibasilar atelectasis. No pleural effusion or pneumothorax. There is mild bibasilar atelectasis. No pleural effusion or pneumothorax. There is mild bibasilar atelectasis. No pleural effusion or pneumothorax. Stable postoperative changes are noted. No new focal airspace disease.",No acute cardiopulmonary abnormality.,No acute cardiopulmonary abnormality.,5.039434432983398,154.3826765805383,0.49914631247520447,1.6473143785280575
"There is mild bibasilar atelectasis. No pleural effusion or pneumothorax. Stable postoperative changes are noted. No new focal airspace disease. Diffuse interstitial markings are present, likely representing pulmonary edema. Diffuse interstitial markings are present, likely representing pulmonary edema. Endotracheal tube is appropriately positioned. No acute osseous abnormality.",Stable exam with no interval change.,No acute cardiopulmonary abnormality.,5.039434432983398,154.3826765805383,4.101633548736572,60.438936950256945
Stable postoperative changes are noted. No new focal airspace disease. Stable postoperative changes are noted. No new focal airspace disease. Stable postoperative changes are noted. No new focal airspace disease. There is mild bibasilar atelectasis. No pleural effusion or pneumothorax. Endotracheal tube is appropriately positioned. No acute osseous abnormality.,Bibasilar atelectasis without consolidation.,No acute cardiopulmonary abnormality.,5.039434432983398,154.3826765805383,1.2502806186676025,3.4913225502916294
"There is mild bibasilar atelectasis. No pleural effusion or pneumothorax. Diffuse interstitial markings are present, likely representing pulmonary edema. Stable postoperative changes are noted. No new focal airspace disease. There is mild bibasilar atelectasis. No pleural effusion or pneumothorax. Diffuse interstitial markings are present, likely representing pulmonary edema.",No acute cardiopulmonary abnormality.,No acute cardiopulmonary abnormality.,5.039434432983398,154.3826765805383,0.41761648654937744,1.5183382595822752
Heart size is within normal limits. Lungs are clear without focal consolidation. There is mild bibasilar atelectasis. No pleural effusion or pneumothorax. Heart size is within normal limits. Lungs are clear without focal consolidation. There is mild bibasilar atelectasis. No pleural effusion or pneumothorax. There is mild bibasilar atelectasis. No pleural effusion or pneumothorax.,No acute cardiopulmonary abnormality.,No acute cardiopulmonary abnormality.,5.039434432983398,154.3826765805383,0.38201066851615906,1.46522771685515
"There is mild bibasilar atelectasis. No pleural effusion or pneumothorax. Stable postoperative changes are noted. No new focal airspace disease. Diffuse interstitial markings are present, likely representing pulmonary edema. There is mild bibasilar atelectasis. No pleural effusion or pneumothorax. Stable postoperative changes are noted. No new focal airspace disease.",No acute cardiopulmonary abnormality.,No acute cardiopulmonary abnormality.,5.039434432983398,154.3826765805383,0.42369067668914795,1.5275890018083074
There is mild bibasilar atelectasis. No pleural effusion or pneumothorax. Stable postoperative changes are noted. No new focal airspace disease. Heart size is within normal limits. Lungs are clear without focal consolidation. Stable postoperative changes are noted. No new focal airspace disease. Endotracheal tube is appropriately positioned. No acute osseous abnormality.,No acute cardiopulmonary abnormality.,No acute cardiopulmonary abnormality.,5.039434432983398,154.3826765805383,0.4601610004901886,1.5843290422141787
"Stable postoperative changes are noted. No new focal airspace disease. Diffuse interstitial markings are present, likely representing pulmonary edema. Stable postoperative changes are noted. No new focal airspace disease. There is mild bibasilar atelectasis. No pleural effusion or pneumothorax. Heart size is within normal limits. Lungs are clear without focal consolidation.",No evidence of pneumonia or effusion.,No acute cardiopulmonary abnormality.,5.039434432983398,154.3826765805383,1.8255349397659302,6.2061140284763985
"Heart size is within normal limits. Lungs are clear without focal consolidation. Stable postoperative changes are noted. No new focal airspace disease. Diffuse interstitial markings are present, likely representing pulmonary edema. Diffuse interstitial markings are present, likely representing pulmonary edema. Diffuse interstitial markings are present, likely representing pulmonary edema.",Bibasilar atelectasis without consolidation.,"Multiple areas of interstitial edema are present, likely representing pulmonary edema.",4.178797721862793,65.28731250112253,2.075202226638794,7.966157265363186
"Stable postoperative changes are noted. No new focal airspace disease. Heart size is within normal limits. Lungs are clear without focal consolidation. Diffuse interstitial markings are present, likely representing pulmonary edema. Heart size is within normal limits. Lungs are clear without focal consolidation. There is mild bibasilar atelectasis. No pleural effusion or pneumothorax.",Mild pulmonary edema.,No acute cardiopulmonary abnormality.,5.039434432983398,154.3826765805383,0.7837064266204834,2.1895727349993743
"Stable postoperative changes are noted. No new focal airspace disease. There is mild bibasilar atelectasis. No pleural effusion or pneumothorax. There is mild bibasilar atelectasis. No pleural effusion or pneumothorax. Diffuse interstitial markings are present, likely representing pulmonary edema. There is mild bibasilar atelectasis. No pleural effusion or pneumothorax.",No acute cardiopulmonary abnormality.,No acute cardiopulmonary abnormality.,5.039434432983398,154.3826765805383,0.4932158291339874,1.6375739194118708
"Heart size is within normal limits. Lungs are clear without focal consolidation. There is mild bibasilar atelectasis. No pleural effusion or pneumothorax. Diffuse interstitial markings are present, likely representing pulmonary edema. Stable postoperative changes are noted. No new focal airspace disease. Stable postoperative changes are noted. No new focal airspace disease.",No evidence of pneumonia or effusion.,No acute cardiopulmonary abnormality.,5.039434432983398,154.3826765805383,1.8031578063964844,6.0687812744065575
"Diffuse interstitial markings are present, likely representing pulmonary edema. Heart size is within normal limits. Lungs are clear without focal consolidation. Stable postoperative changes are noted. No new focal airspace disease. Endotracheal tube is appropriately positioned. No acute osseous abnormality. There is mild bibasilar atelectasis. No pleural effusion or pneumothorax.",No evidence of pneumonia or effusion.,No acute cardiopulmonary abnormality.,5.039434432983398,154.3826765805383,1.8815107345581055,6.563412950824673
"Diffuse interstitial markings are present, likely representing pulmonary edema. Endotracheal tube is appropriately positioned. No acute osseous abnormality. There is mild bibasilar atelectasis. No pleural effusion or pneumothorax. Endotracheal tube is appropriately positioned. No acute osseous abnormality. Endotracheal tube is appropriately positioned. No acute osseous abnormality.",Stable exam with no interval change.,No acute cardiopulmonary abnormality.,5.039434432983398,154.3826765805383,3.847776412963867,46.88868615415379
Endotracheal tube is appropriately positioned. No acute osseous abnormality. Stable postoperative changes are noted. No new focal airspace disease. Heart size is within normal limits. Lungs are clear without focal consolidation. Heart size is within normal limits. Lungs are clear without focal consolidation. Heart size is within normal limits. Lungs are clear without focal consolidation.,Mild pulmonary edema.,No acute cardiopulmonary abnormality.,5.039434432983398,154.3826765805383,1.4321311712265015,4.187614211747891
Endotracheal tube is appropriately positioned. No acute osseous abnormality. Endotracheal tube is appropriately positioned. No acute osseous abnormality. Endotracheal tube is appropriately positioned. No acute osseous abnormality. Heart size is within normal limits. Lungs are clear without focal consolidation. There is mild bibasilar atelectasis. No pleural effusion or pneumothorax.,Stable exam with no interval change.,No acute cardiopulmonary abnormality.,5.039434432983398,154.3826765805383,3.780428886413574,43.83483787098639
"Stable postoperative changes are noted. No new focal airspace disease. Endotracheal tube is appropriately positioned. No acute osseous abnormality. Heart size is within normal limits. Lungs are clear without focal consolidation. Endotracheal tube is appropriately positioned. No acute osseous abnormality. Diffuse interstitial markings are present, likely representing pulmonary edema.",Bibasilar atelectasis without consolidation.,No acute cardiopulmonary abnormality.,5.039434432983398,154.3826765805383,1.8054349422454834,6.082616460126579
"Diffuse interstitial markings are present, likely representing pulmonary edema. Stable postoperative changes are noted. No new focal airspace disease. Diffuse interstitial markings are present, likely representing pulmonary edema. Diffuse interstitial markings are present, likely representing pulmonary edema. Endotracheal tube is appropriately positioned. No acute osseous abnormality.",Stable exam with no interval change.,No acute cardiopulmonary abnormality.,5.039434432983398,154.3826765805383,4.083321571350098,59.342252380709574
Endotracheal tube is appropriately positioned. No acute osseous abnormality. Stable postoperative changes are noted. No new focal airspace disease. Stable postoperative changes are noted. No new focal airspace disease. Endotracheal tube is appropriately positioned. No acute osseous abnormality. Heart size is within normal limits. Lungs are clear without focal consolidation.,Bibasilar atelectasis without consolidation.,No acute cardiopulmonary abnormality.,5.039434432983398,154.3826765805383,1.685789704322815,5.39671105605901
"There is mild bibasilar atelectasis. No pleural effusion or pneumothorax. Heart size is within normal limits. Lungs are clear without focal consolidation. Heart size is within normal limits. Lungs are clear without focal consolidation. Diffuse interstitial markings are present, likely representing pulmonary edema. Heart size is within normal limits. Lungs are clear without focal consolidation.",Bibasilar atelectasis without consolidation.,No acute cardiopulmonary abnormality.,5.039434432983398,154.3826765805383,1.187530755996704,3.2789746145202843
"Stable postoperative changes are noted. No new focal airspace disease. Diffuse interstitial markings are present, likely representing pulmonary edema. Diffuse interstitial markings are present, likely representing pulmonary edema. Diffuse interstitial markings are present, likely representing pulmonary edema. Stable postoperative changes are noted. No new focal airspace disease.",Bibasilar atelectasis without consolidation.,No acute cardiopulmonary abnormality.,5.039434432983398,154.3826765805383,2.1911239624023438,8.945261604301008
"Diffuse interstitial markings are present, likely representing pulmonary edema. Stable postoperative changes are noted. No new focal airspace disease. Heart size is within normal limits. Lungs are clear without focal consolidation. Endotracheal tube is appropriately positioned. No acute osseous abnormality. Heart size is within normal limits. Lungs are clear without focal consolidation.",Stable exam with no interval change.,No acute cardiopulmonary abnormality.,5.039434432983398,154.3826765805383,3.8043031692504883,44.893955722018454
"Diffuse interstitial markings are present, likely representing pulmonary edema. Diffuse interstitial markings are present, likely representing pulmonary edema. Heart size is within normal limits. Lungs are clear without focal consolidation. There is mild bibasilar atelectasis. No pleural effusion or pneumothorax. There is mild bibasilar atelectasis. No pleural effusion or pneumothorax.",Bibasilar atelectasis without consolidation.,No acute cardiopulmonary abnormality.,5.039434432983398,154.3826765805383,1.6314060688018799,5.1110561651680335
"There is mild bibasilar atelectasis. No pleural effusion or pneumothorax. Diffuse interstitial markings are present, likely representing pulmonary edema. Endotracheal tube is appropriately positioned. No acute osseous abnormality. Stable postoperative changes are noted. No new focal airspace disease. Heart size is within normal limits. Lungs are clear without focal consolidation.",No acute cardiopulmonary abnormality.,No acute cardiopulmonary abnormality.,5.039434432983398,154.3826765805383,0.490500807762146,1.6331339013221071
"There is mild bibasilar atelectasis. No pleural effusion or pneumothorax. Endotracheal tube is appropriately positioned. No acute osseous abnormality. There is mild bibasilar atelectasis. No pleural effusion or pneumothorax. Diffuse interstitial markings are present, likely representing pulmonary edema. There is mild bibasilar atelectasis. No pleural effusion or pneumothorax.",No acute cardiopulmonary abnormality.,No acute cardiopulmonary abnormality.,5.039434432983398,154.3826765805383,0.465838760137558,1.5933500670895409
"There is mild bibasilar atelectasis. No pleural effusion or pneumothorax. Stable postoperative changes are noted. No new focal airspace disease. There is mild bibasilar atelectasis. No pleural effusion or pneumothorax. Diffuse interstitial markings are present, likely representing pulmonary edema. Diffuse interstitial markings are present, likely representing pulmonary edema.",Stable exam with no interval change.,No acute cardiopulmonary abnormality.,5.039434432983398,154.3826765805383,4.101420879364014,60.426084806134774
"Stable postoperative changes are noted. No new focal airspace disease. Stable postoperative changes are noted. No new focal airspace disease. Diffuse interstitial markings are present, likely representing pulmonary edema. There is mild bibasilar atelectasis. No pleural effusion or pneumothorax. Diffuse interstitial markings are present, likely representing pulmonary edema.",Bibasilar atelectasis without consolidation.,No acute cardiopulmonary abnormality.,5.039434432983398,154.3826765805383,1.7096115350723267,5.526814087123443
There is mild bibasilar atelectasis. No pleural effusion or pneumothorax. There is mild bibasilar atelectasis. No pleural effusion or pneumothorax. There is mild bibasilar atelectasis. No pleural effusion or pneumothorax. There is mild bibasilar atelectasis. No pleural effusion or pneumothorax. Endotracheal tube is appropriately positioned. No acute osseous abnormality.,Bibasilar atelectasis without consolidation.,No acute respiratory distress or complications.,5.909256935119629,368.43228457859504,1.2376819849014282,3.447612577248085
Heart size is within normal limits. Lungs are clear without focal consolidation. Heart size is within normal limits. Lungs are clear without focal consolidation. Endotracheal tube is appropriately positioned. No acute osseous abnormality. Stable postoperative changes are noted. No new focal airspace disease. Endotracheal tube is appropriately positioned. No acute osseous abnormality.,Bibasilar atelectasis without consolidation.,No acute cardiopulmonary abnormality.,5.039434432983398,154.3826765805383,1.7209951877593994,5.59008888501813
Stable postoperative changes are noted. No new focal airspace disease. Stable postoperative changes are noted. No new focal airspace disease. Stable postoperative changes are noted. No new focal airspace disease. Endotracheal tube is appropriately positioned. No acute osseous abnormality. Endotracheal tube is appropriately positioned. No acute osseous abnormality.,No acute cardiopulmonary abnormality.,No acute respiratory distress or complications.,5.909256935119629,368.43228457859504,0.5985890626907349,1.8195497178265434
"Diffuse interstitial markings are present, likely representing pulmonary edema. There is mild bibasilar atelectasis. No pleural effusion or pneumothorax. Endotracheal tube is appropriately positioned. No acute osseous abnormality. Heart size is within normal limits. Lungs are clear without focal consolidation. Stable postoperative changes are noted. No new focal airspace disease.",Bibasilar atelectasis without consolidation.,No acute cardiopulmonary abnormality.,5.039434432983398,154.3826765805383,1.5868592262268066,4.888371523418042
Stable postoperative changes are noted. No new focal airspace disease. Endotracheal tube is appropriately positioned. No acute osseous abnormality. There is mild bibasilar atelectasis. No pleural effusion or pneumothorax. Stable postoperative changes are noted. No new focal airspace disease. There is mild bibasilar atelectasis. No pleural effusion or pneumothorax.,No acute cardiopulmonary abnormality.,No acute cardiopulmonary abnormality.,5.039434432983398,154.3826765805383,0.4471565783023834,1.5638591465273652
